45883737W;1111QWR;2020-11-30;2020-12-03
45883737W;1111QWR;2020-11-30;2021-01-09
45883737W;1111QWR;2020-12-03;2020-12-24
45883737W;1111QWR;2020-12-04;2020-12-05
45883737W;1111QWR;2020-11-04;2020-11-27
45471259Y;1111QWR;2020-11-26;2020-11-29
69785214V;9536FGC;2020-11-27;2020-11-29
69785214V;9536FGC;2020-11-20;2020-11-29
69785214V;9536FGC;2020-11-20;2020-11-29
35421587T;8745BCD;2020-11-26;2020-11-28
69785214V;9536FGC;2020-11-20;2020-11-28
45883737W;8745BCD;2020-11-20;2020-11-18
45471259Y;9536FGC;2020-11-14;2020-11-18
45471259Y;1111QWR;2020-11-16;2020-11-20
45883737W;8745BCD;2020-11-26;2020-11-28
